S_in,E_required_dB,eta_required,gamma_effective_required,beta,q_active,gamma_target,Ka
5.000000000000000278e-02,1.314999999999844071e+00,9.984465240676958508e-01,4.054581776712917218e+01,6.034622467771639798e-01,5.508537983458214153e-03,4.050127874844481113e+01,1.810000000000000000e+02
5.983935742971888128e-02,1.314999999999844071e+00,9.981385545435700335e-01,4.053331146268318008e+01,7.222158616047986701e-01,5.508537983458214153e-03,4.050127874844481113e+01,1.810000000000000000e+02
6.967871485943775978e-02,1.314999999999844071e+00,9.978298281450397322e-01,4.052077442239812655e+01,8.409694764324332494e-01,5.508537983458214153e-03,4.050127874844481113e+01,1.810000000000000000e+02
7.951807228915663828e-02,1.314999999999844071e+00,9.975203479742377199e-01,4.050820677224821509e+01,9.597230912600680508e-01,5.508537983458214153e-03,4.050127874844481113e+01,1.810000000000000000e+02
8.935742971887550290e-02,1.319999999999843965e+00,9.972228855382363477e-01,4.054277688706554983e+01,1.078476706087702519e+00,5.508537983458214153e-03,4.050127874844481113e+01,1.810000000000000000e+02
9.919678714859439528e-02,1.319999999999843965e+00,9.969133086487701467e-01,4.053019082737815637e+01,1.197230320915337431e+00,5.508537983458214153e-03,4.050127874844481113e+01,1.810000000000000000e+02
1.090361445783132599e-01,1.319999999999843965e+00,9.966029748203438787e-01,4.051757399382082525e+01,1.315983935742971900e+00,5.508537983458214153e-03,4.050127874844481113e+01,1.810000000000000000e+02
1.188755020080321384e-01,1.319999999999843965e+00,9.962918592492810976e-01,4.050492537798317016e+01,1.434737550570606590e+00,5.508537983458214153e-03,4.050127874844481113e+01,1.810000000000000000e+02
1.287148594377510169e-01,1.324999999999843858e+00,9.959984854233344675e-01,4.053964419827758547e+01,1.553491165398241503e+00,5.508537983458214153e-03,4.050127874844481113e+01,1.810000000000000000e+02
1.385542168674698815e-01,1.324999999999843858e+00,9.956872799050556777e-01,4.052697735071887308e+01,1.672244780225875749e+00,5.508537983458214153e-03,4.050127874844481113e+01,1.810000000000000000e+02
1.483935742971887739e-01,1.324999999999843858e+00,9.953753027450030766e-01,4.051427909539859229e+01,1.790998395053510661e+00,5.508537983458214153e-03,4.050127874844481113e+01,1.810000000000000000e+02
1.582329317269076663e-01,1.324999999999843858e+00,9.950625431483849370e-01,4.050154899294155086e+01,1.909752009881145574e+00,5.508537983458214153e-03,4.050127874844481113e+01,1.810000000000000000e+02
1.680722891566265309e-01,1.329999999999843752e+00,9.947732859153773921e-01,4.053641791693488727e+01,2.028505624708780264e+00,5.508537983458214153e-03,4.050127874844481113e+01,1.810000000000000000e+02
1.779116465863453955e-01,1.329999999999843752e+00,9.944604328605195498e-01,4.052366934159830691e+01,2.147259239536414732e+00,5.508537983458214153e-03,4.050127874844481113e+01,1.810000000000000000e+02
1.877510040160642601e-01,1.329999999999843752e+00,9.941467952734487357e-01,4.051088879704210655e+01,2.266012854364049200e+00,5.508537983458214153e-03,4.050127874844481113e+01,1.810000000000000000e+02
1.975903614457831803e-01,1.334999999999843645e+00,9.938610110652749130e-01,4.054589658862478529e+01,2.384766469191684113e+00,5.508537983458214153e-03,4.050127874844481113e+01,1.810000000000000000e+02
2.074297188755020449e-01,1.334999999999843645e+00,9.935472639221689661e-01,4.053309685196370538e+01,2.503520084019319025e+00,5.508537983458214153e-03,4.050127874844481113e+01,1.810000000000000000e+02
2.172690763052209095e-01,1.334999999999843645e+00,9.932327428489277077e-01,4.052026554178189599e+01,2.622273698846953494e+00,5.508537983458214153e-03,4.050127874844481113e+01,1.810000000000000000e+02
2.271084337349397742e-01,1.334999999999843645e+00,9.929174204019357575e-01,4.050740153848016689e+01,2.741027313674587962e+00,5.508537983458214153e-03,4.050127874844481113e+01,1.810000000000000000e+02
2.369477911646586388e-01,1.339999999999843538e+00,9.926357990038950918e-01,4.054256190537431337e+01,2.859780928502222874e+00,5.508537983458214153e-03,4.050127874844481113e+01,1.810000000000000000e+02
2.467871485943775589e-01,1.339999999999843538e+00,9.923203826094775248e-01,4.052967924618604201e+01,2.978534543329857787e+00,5.508537983458214153e-03,4.050127874844481113e+01,1.810000000000000000e+02
2.566265060240964235e-01,1.339999999999843538e+00,9.920041474124082770e-01,4.051676314436229376e+01,3.097288158157492255e+00,5.508537983458214153e-03,4.050127874844481113e+01,1.810000000000000000e+02
2.664658634538152882e-01,1.339999999999843538e+00,9.916871093054009378e-01,4.050381424901456739e+01,3.216041772985127167e+00,5.508537983458214153e-03,4.050127874844481113e+01,1.810000000000000000e+02
2.763052208835341528e-01,1.344999999999843432e+00,9.914097452576647873e-01,4.053913131802011094e+01,3.334795387812761192e+00,5.508537983458214153e-03,4.050127874844481113e+01,1.810000000000000000e+02
2.861445783132530174e-01,1.344999999999843432e+00,9.910925917328818890e-01,4.052616278664280003e+01,3.453549002640395660e+00,5.508537983458214153e-03,4.050127874844481113e+01,1.810000000000000000e+02
2.959839357429719375e-01,1.344999999999843432e+00,9.907746473323368885e-01,4.051316191604698957e+01,3.572302617468031016e+00,5.508537983458214153e-03,4.050127874844481113e+01,1.810000000000000000e+02
3.058232931726908022e-01,1.349999999999843325e+00,9.905008129865527922e-01,4.054862118537062798e+01,3.691056232295665485e+00,5.508537983458214153e-03,4.050127874844481113e+01,1.810000000000000000e+02
3.156626506024096668e-01,1.349999999999843325e+00,9.901827439780818141e-01,4.053560023721369987e+01,3.809809847123299953e+00,5.508537983458214153e-03,4.050127874844481113e+01,1.810000000000000000e+02
3.255020080321285314e-01,1.349999999999843325e+00,9.898638532315927607e-01,4.052254564916150059e+01,3.928563461950934865e+00,5.508537983458214153e-03,4.050127874844481113e+01,1.810000000000000000e+02
3.353413654618473960e-01,1.349999999999843325e+00,9.895441613550548521e-01,4.050945826485266110e+01,4.047317076778569778e+00,5.508537983458214153e-03,4.050127874844481113e+01,1.810000000000000000e+02
3.451807228915663162e-01,1.354999999999843219e+00,9.892746154431041328e-01,4.054507611417678703e+01,4.166070691606204690e+00,5.508537983458214153e-03,4.050127874844481113e+01,1.810000000000000000e+02
3.550200803212851808e-01,1.354999999999843219e+00,9.889548041362239417e-01,4.053196875897206297e+01,4.284824306433838714e+00,5.508537983458214153e-03,4.050127874844481113e+01,1.810000000000000000e+02
3.648594377510040454e-01,1.354999999999843219e+00,9.886341591795456685e-01,4.051882723692024513e+01,4.403577921261473627e+00,5.508537983458214153e-03,4.050127874844481113e+01,1.810000000000000000e+02
3.746987951807229100e-01,1.354999999999843219e+00,9.883126909198413079e-01,4.050565197208019441e+01,4.522331536089108539e+00,5.508537983458214153e-03,4.050127874844481113e+01,1.810000000000000000e+02
3.845381526104417746e-01,1.359999999999843112e+00,9.880474683762491273e-01,4.054143010665450220e+01,4.641085150916742563e+00,5.508537983458214153e-03,4.050127874844481113e+01,1.810000000000000000e+02
3.943775100401606948e-01,1.359999999999843112e+00,9.877258799236635634e-01,4.052823473275709887e+01,4.759838765744377476e+00,5.508537983458214153e-03,4.050127874844481113e+01,1.810000000000000000e+02
4.042168674698795594e-01,1.359999999999843112e+00,9.874034547008995188e-01,4.051500502461889397e+01,4.878592380572012388e+00,5.508537983458214153e-03,4.050127874844481113e+01,1.810000000000000000e+02
4.140562248995984240e-01,1.359999999999843112e+00,9.870801553650166982e-01,4.050173944998940812e+01,4.997345995399646412e+00,5.508537983458214153e-03,4.050127874844481113e+01,1.810000000000000000e+02
4.238955823293172887e-01,1.364999999999843006e+00,9.868193246024301590e-01,4.053768095181919051e+01,5.116099610227281325e+00,5.508537983458214153e-03,4.050127874844481113e+01,1.810000000000000000e+02
4.337349397590362088e-01,1.364999999999843006e+00,9.864959238721326962e-01,4.052439593064303125e+01,5.234853225054917125e+00,5.508537983458214153e-03,4.050127874844481113e+01,1.810000000000000000e+02
4.435742971887550734e-01,1.364999999999843006e+00,9.861716725052690480e-01,4.051107596605538674e+01,5.353606839882551149e+00,5.508537983458214153e-03,4.050127874844481113e+01,1.810000000000000000e+02
4.534136546184739380e-01,1.369999999999842899e+00,9.859145026596340955e-01,4.054716644080600929e+01,5.472360454710185174e+00,5.508537983458214153e-03,4.050127874844481113e+01,1.810000000000000000e+02
4.632530120481928027e-01,1.369999999999842899e+00,9.855901207600287206e-01,4.053382576386272262e+01,5.591114069537820086e+00,5.508537983458214153e-03,4.050127874844481113e+01,1.810000000000000000e+02
4.730923694779116673e-01,1.369999999999842899e+00,9.852648980084746100e-01,4.052045050566129447e+01,5.709867684365454110e+00,5.508537983458214153e-03,4.050127874844481113e+01,1.810000000000000000e+02
4.829317269076305874e-01,1.369999999999842899e+00,9.849387929041689693e-01,4.050703895942092458e+01,5.828621299193089911e+00,5.508537983458214153e-03,4.050127874844481113e+01,1.810000000000000000e+02
4.927710843373494520e-01,1.374999999999842792e+00,9.846860845445283283e-01,4.054329629654123579e+01,5.947374914020724823e+00,5.508537983458214153e-03,4.050127874844481113e+01,1.810000000000000000e+02
5.026104417670683722e-01,1.374999999999842792e+00,9.843598673268190158e-01,4.052986468465780234e+01,6.066128528848358847e+00,5.508537983458214153e-03,4.050127874844481113e+01,1.810000000000000000e+02
5.124497991967872368e-01,1.374999999999842792e+00,9.840327625501033015e-01,4.051639652857175378e+01,6.184882143675993760e+00,5.508537983458214153e-03,4.050127874844481113e+01,1.810000000000000000e+02
5.222891566265061014e-01,1.374999999999842792e+00,9.837047803399621149e-01,4.050289224519204367e+01,6.303635758503628672e+00,5.508537983458214153e-03,4.050127874844481113e+01,1.810000000000000000e+02
5.321285140562249660e-01,1.379999999999842686e+00,9.834565412394364881e-01,4.053931704790690560e+01,6.422389373331262696e+00,5.508537983458214153e-03,4.050127874844481113e+01,1.810000000000000000e+02
5.419678714859438307e-01,1.379999999999842686e+00,9.831284613562131236e-01,4.052579318198571912e+01,6.541142988158897609e+00,5.508537983458214153e-03,4.050127874844481113e+01,1.810000000000000000e+02
5.518072289156628063e-01,1.379999999999842686e+00,9.827994581348313829e-01,4.051223125490293597e+01,6.659896602986533409e+00,5.508537983458214153e-03,4.050127874844481113e+01,1.810000000000000000e+02
5.616465863453816709e-01,1.384999999999842579e+00,9.825550122745595472e-01,4.054881157035582362e+01,6.778650217814168322e+00,5.508537983458214153e-03,4.050127874844481113e+01,1.810000000000000000e+02
5.714859437751005355e-01,1.384999999999842579e+00,9.822258853610796869e-01,4.053522891591845934e+01,6.897403832641802346e+00,5.508537983458214153e-03,4.050127874844481113e+01,1.810000000000000000e+02
5.813253012048194002e-01,1.384999999999842579e+00,9.818958831318681524e-01,4.052161013829997671e+01,7.016157447469437258e+00,5.508537983458214153e-03,4.050127874844481113e+01,1.810000000000000000e+02
5.911646586345382648e-01,1.384999999999842579e+00,9.815649607140436439e-01,4.050795338565290393e+01,7.134911062297072171e+00,5.508537983458214153e-03,4.050127874844481113e+01,1.810000000000000000e+02
6.010040160642571294e-01,1.389999999999842473e+00,9.813250876518256893e-01,4.054470608331682513e+01,7.253664677124706195e+00,5.508537983458214153e-03,4.050127874844481113e+01,1.810000000000000000e+02
6.108433734939759940e-01,1.389999999999842473e+00,9.809940325761233870e-01,4.053102811776734171e+01,7.372418291952341107e+00,5.508537983458214153e-03,4.050127874844481113e+01,1.810000000000000000e+02
6.206827309236948587e-01,1.389999999999842473e+00,9.806620865736164205e-01,4.051731334243292082e+01,7.491171906779976020e+00,5.508537983458214153e-03,4.050127874844481113e+01,1.810000000000000000e+02
6.305220883534137233e-01,1.389999999999842473e+00,9.803292211061026551e-01,4.050356057822109079e+01,7.609925521607610044e+00,5.508537983458214153e-03,4.050127874844481113e+01,1.810000000000000000e+02
6.403614457831326989e-01,1.394999999999842366e+00,9.800939336668917923e-01,4.054048647807567107e+01,7.728679136435245844e+00,5.508537983458214153e-03,4.050127874844481113e+01,1.810000000000000000e+02
6.502008032128515636e-01,1.394999999999842366e+00,9.797609472578340251e-01,4.052671286867960276e+01,7.847432751262880757e+00,5.508537983458214153e-03,4.050127874844481113e+01,1.810000000000000000e+02
6.600401606425704282e-01,1.394999999999842366e+00,9.794270155013632406e-01,4.051290015604791250e+01,7.966186366090514781e+00,5.508537983458214153e-03,4.050127874844481113e+01,1.810000000000000000e+02
6.698795180722892928e-01,1.399999999999842260e+00,9.791956348395747245e-01,4.054998738900996358e+01,8.084939980918148805e+00,5.508537983458214153e-03,4.050127874844481113e+01,1.810000000000000000e+02
6.797188755020081574e-01,1.399999999999842260e+00,9.788615598398945350e-01,4.053615283282729109e+01,8.203693595745784606e+00,5.508537983458214153e-03,4.050127874844481113e+01,1.810000000000000000e+02
6.895582329317270220e-01,1.399999999999842260e+00,9.785266062407813603e-01,4.052228189249965595e+01,8.322447210573418630e+00,5.508537983458214153e-03,4.050127874844481113e+01,1.810000000000000000e+02
6.993975903614458867e-01,1.399999999999842260e+00,9.781906840434864137e-01,4.050837084104134789e+01,8.441200825401052654e+00,5.508537983458214153e-03,4.050127874844481113e+01,1.810000000000000000e+02
7.092369477911647513e-01,1.404999999999842153e+00,9.779639741287594612e-01,4.054563546418238928e+01,8.559954440228688455e+00,5.508537983458214153e-03,4.050127874844481113e+01,1.810000000000000000e+02
7.190763052208836159e-01,1.404999999999842153e+00,9.776279036259012400e-01,4.053170223917653203e+01,8.678708055056322479e+00,5.508537983458214153e-03,4.050127874844481113e+01,1.810000000000000000e+02
7.289156626506025916e-01,1.404999999999842153e+00,9.772909290171936103e-01,4.051773153063636101e+01,8.797461669883956503e+00,5.508537983458214153e-03,4.050127874844481113e+01,1.810000000000000000e+02
7.387550200803214562e-01,1.404999999999842153e+00,9.769529996991255238e-01,4.050372124057914647e+01,8.916215284711592304e+00,5.508537983458214153e-03,4.050127874844481113e+01,1.810000000000000000e+02
7.485943775100403208e-01,1.409999999999842046e+00,9.767309835199097234e-01,4.054116450294415586e+01,9.034968899539226328e+00,5.508537983458214153e-03,4.050127874844481113e+01,1.810000000000000000e+02
7.584337349397591854e-01,1.409999999999842046e+00,9.763929016530782379e-01,4.052713174181551636e+01,9.153722514366860352e+00,5.508537983458214153e-03,4.050127874844481113e+01,1.810000000000000000e+02
7.682730923694780500e-01,1.409999999999842046e+00,9.760538764530792832e-01,4.051305982576523235e+01,9.272476129194496153e+00,5.508537983458214153e-03,4.050127874844481113e+01,1.810000000000000000e+02
7.781124497991969147e-01,1.414999999999841940e+00,9.758358324369892367e-01,4.055066829270367634e+01,9.391229744022130177e+00,5.508537983458214153e-03,4.050127874844481113e+01,1.810000000000000000e+02
7.879518072289157793e-01,1.414999999999841940e+00,9.754966619944958062e-01,4.053657413090814998e+01,9.509983358849764201e+00,5.508537983458214153e-03,4.050127874844481113e+01,1.810000000000000000e+02
7.977911646586346439e-01,1.414999999999841940e+00,9.751565118660304732e-01,4.052243925845253614e+01,9.628736973677400002e+00,5.508537983458214153e-03,4.050127874844481113e+01,1.810000000000000000e+02
8.076305220883535085e-01,1.414999999999841940e+00,9.748154039009273575e-01,4.050826458328165813e+01,9.747490588505034026e+00,5.508537983458214153e-03,4.050127874844481113e+01,1.810000000000000000e+02
8.174698795180724842e-01,1.419999999999841833e+00,9.746022141491722524e-01,4.054605903908291964e+01,9.866244203332671603e+00,5.508537983458214153e-03,4.050127874844481113e+01,1.810000000000000000e+02
8.273092369477913488e-01,1.419999999999841833e+00,9.742609461351773303e-01,4.053186137685447221e+01,9.984997818160305627e+00,5.508537983458214153e-03,4.050127874844481113e+01,1.810000000000000000e+02
8.371485943775102134e-01,1.419999999999841833e+00,9.739186895575823177e-01,4.051762258773597836e+01,1.010375143298793965e+01,5.508537983458214153e-03,4.050127874844481113e+01,1.810000000000000000e+02
8.469879518072290780e-01,1.419999999999841833e+00,9.735754499626831926e-01,4.050334290246820501e+01,1.022250504781557190e+01,5.508537983458214153e-03,4.050127874844481113e+01,1.810000000000000000e+02
8.568273092369479427e-01,1.424999999999841727e+00,9.733671282369569244e-01,4.054132422791578705e+01,1.034125866264320770e+01,5.508537983458214153e-03,4.050127874844481113e+01,1.810000000000000000e+02
8.666666666666668073e-01,1.424999999999841727e+00,9.730237416879409240e-01,4.052702197235844039e+01,1.046001227747084172e+01,5.508537983458214153e-03,4.050127874844481113e+01,1.810000000000000000e+02
8.765060240963856719e-01,1.424999999999841727e+00,9.726793743705722806e-01,4.051267886721144151e+01,1.057876589229847575e+01,5.508537983458214153e-03,4.050127874844481113e+01,1.810000000000000000e+02
8.863453815261045365e-01,1.429999999999841620e+00,9.724751434550626961e-01,4.055083153304695287e+01,1.069751950712611155e+01,5.508537983458214153e-03,4.050127874844481113e+01,1.810000000000000000e+02
8.961847389558234012e-01,1.429999999999841620e+00,9.721305896177167005e-01,4.053646412766254059e+01,1.081627312195374557e+01,5.508537983458214153e-03,4.050127874844481113e+01,1.810000000000000000e+02
9.060240963855423768e-01,1.429999999999841620e+00,9.717850516104845626e-01,4.052205568379244482e+01,1.093502673678138315e+01,5.508537983458214153e-03,4.050127874844481113e+01,1.810000000000000000e+02
9.158634538152612414e-01,1.429999999999841620e+00,9.714384973050552707e-01,4.050760486173174968e+01,1.105378035160901717e+01,5.508537983458214153e-03,4.050127874844481113e+01,1.810000000000000000e+02
9.257028112449801061e-01,1.434999999999841513e+00,9.712392569044923096e-01,4.054595020942547734e+01,1.117253396643665120e+01,5.508537983458214153e-03,4.050127874844481113e+01,1.810000000000000000e+02
9.355421686746989707e-01,1.434999999999841513e+00,9.708925301453894541e-01,4.053147554130336516e+01,1.129128758126428700e+01,5.508537983458214153e-03,4.050127874844481113e+01,1.810000000000000000e+02
9.453815261044178353e-01,1.434999999999841513e+00,9.705447854723784351e-01,4.051695837872239991e+01,1.141004119609192102e+01,5.508537983458214153e-03,4.050127874844481113e+01,1.810000000000000000e+02
9.552208835341366999e-01,1.434999999999841513e+00,9.701960513920279139e-01,4.050239991173530285e+01,1.152879481091955505e+01,5.508537983458214153e-03,4.050127874844481113e+01,1.810000000000000000e+02
9.650602409638555645e-01,1.439999999999841407e+00,9.700017847284938544e-01,4.054093755790611908e+01,1.164754842574719085e+01,5.508537983458214153e-03,4.050127874844481113e+01,1.810000000000000000e+02
9.748995983935744292e-01,1.439999999999841407e+00,9.696528627494264141e-01,4.052635446704107380e+01,1.176630204057482487e+01,5.508537983458214153e-03,4.050127874844481113e+01,1.810000000000000000e+02
9.847389558232932938e-01,1.439999999999841407e+00,9.693029207058940777e-01,4.051172874288356240e+01,1.188505565540245890e+01,5.508537983458214153e-03,4.050127874844481113e+01,1.810000000000000000e+02
9.945783132530121584e-01,1.444999999999841300e+00,9.691128617807909240e-01,4.055044384612693875e+01,1.200380927023009470e+01,5.508537983458214153e-03,4.050127874844481113e+01,1.810000000000000000e+02
1.004417670682731023e+00,1.444999999999841300e+00,9.687627379229803992e-01,4.053579366615796431e+01,1.212256288505772694e+01,5.508537983458214153e-03,4.050127874844481113e+01,1.810000000000000000e+02
1.014257028112449888e+00,1.444999999999841300e+00,9.684115675200714035e-01,4.052109969575970183e+01,1.224131649988536097e+01,5.508537983458214153e-03,4.050127874844481113e+01,1.810000000000000000e+02
1.024096385542168752e+00,1.444999999999841300e+00,9.680593765486970037e-01,4.050636302186850202e+01,1.236007011471299499e+01,5.508537983458214153e-03,4.050127874844481113e+01,1.810000000000000000e+02
1.033935742971887617e+00,1.449999999999841194e+00,9.678744414271657215e-01,4.054527742450598993e+01,1.247882372954063079e+01,5.508537983458214153e-03,4.050127874844481113e+01,1.810000000000000000e+02
1.043775100401606482e+00,1.449999999999841194e+00,9.675220380450592073e-01,4.053051487651291040e+01,1.259757734436826482e+01,5.508537983458214153e-03,4.050127874844481113e+01,1.810000000000000000e+02
1.053614457831325568e+00,1.449999999999841194e+00,9.671686017575681360e-01,4.051570905902786279e+01,1.271633095919590417e+01,5.508537983458214153e-03,4.050127874844481113e+01,1.810000000000000000e+02
1.063453815261044433e+00,1.454999999999841087e+00,9.669879165184704917e-01,4.055480354066530424e+01,1.283508457402353820e+01,5.508537983458214153e-03,4.050127874844481113e+01,1.810000000000000000e+02
1.073293172690763297e+00,1.454999999999841087e+00,9.666343052153909543e-01,4.053997332750423510e+01,1.295383818885117222e+01,5.508537983458214153e-03,4.050127874844481113e+01,1.810000000000000000e+02
1.083132530120482162e+00,1.454999999999841087e+00,9.662796178121575430e-01,4.052509798344794945e+01,1.307259180367880802e+01,5.508537983458214153e-03,4.050127874844481113e+01,1.810000000000000000e+02
1.092971887550201027e+00,1.454999999999841087e+00,9.659238444839516324e-01,4.051017709645037002e+01,1.319134541850644027e+01,5.508537983458214153e-03,4.050127874844481113e+01,1.810000000000000000e+02
1.102811244979919891e+00,1.459999999999840981e+00,9.657484150695881953e-01,4.054947715577834089e+01,1.331009903333407429e+01,5.508537983458214153e-03,4.050127874844481113e+01,1.810000000000000000e+02
1.112650602409638756e+00,1.459999999999840981e+00,9.653924706928567190e-01,4.053453189866191053e+01,1.342885264816171009e+01,5.508537983458214153e-03,4.050127874844481113e+01,1.810000000000000000e+02
1.122489959839357621e+00,1.459999999999840981e+00,9.650354161140266562e-01,4.051954002680199807e+01,1.354760626298934412e+01,5.508537983458214153e-03,4.050127874844481113e+01,1.810000000000000000e+02
1.132329317269076485e+00,1.459999999999840981e+00,9.646772912290447755e-01,4.050450321533445219e+01,1.366635987781697814e+01,5.508537983458214153e-03,4.050127874844481113e+01,1.810000000000000000e+02
1.142168674698795350e+00,1.464999999999840874e+00,9.645071395017517091e-01,4.054401010624433610e+01,1.378511349264461394e+01,5.508537983458214153e-03,4.050127874844481113e+01,1.810000000000000000e+02
1.152008032128514214e+00,1.464999999999840874e+00,9.641488306292360644e-01,4.052894823894086329e+01,1.390386710747224797e+01,5.508537983458214153e-03,4.050127874844481113e+01,1.810000000000000000e+02
1.161847389558233079e+00,1.464999999999840874e+00,9.637893790980596176e-01,4.051383833885214614e+01,1.402262072229988199e+01,5.508537983458214153e-03,4.050127874844481113e+01,1.810000000000000000e+02
1.171686746987951944e+00,1.469999999999840767e+00,9.636236348394139339e-01,4.055353322977464359e+01,1.414137433712751779e+01,5.508537983458214153e-03,4.050127874844481113e+01,1.810000000000000000e+02
1.181526104417670808e+00,1.469999999999840767e+00,9.632639990647948736e-01,4.053839816997605539e+01,1.426012795195515181e+01,5.508537983458214153e-03,4.050127874844481113e+01,1.810000000000000000e+02
1.191365461847389673e+00,1.469999999999840767e+00,9.629033054408092651e-01,4.052321859120980463e+01,1.437888156678278584e+01,5.508537983458214153e-03,4.050127874844481113e+01,1.810000000000000000e+02
1.201204819277108538e+00,1.469999999999840767e+00,9.625414603636284205e-01,4.050799055421387607e+01,1.449763518161042164e+01,5.508537983458214153e-03,4.050127874844481113e+01,1.810000000000000000e+02
1.211044176706827402e+00,1.474999999999840661e+00,9.623810536754925371e-01,4.054789556084502777e+01,1.461638879643805566e+01,5.508537983458214153e-03,4.050127874844481113e+01,1.810000000000000000e+02
1.220883534136546489e+00,1.474999999999840661e+00,9.620190348235179156e-01,4.053264266019318995e+01,1.473514241126569146e+01,5.508537983458214153e-03,4.050127874844481113e+01,1.810000000000000000e+02
1.230722891566265353e+00,1.474999999999840661e+00,9.616558504383752037e-01,4.051734065225999615e+01,1.485389602609332727e+01,5.508537983458214153e-03,4.050127874844481113e+01,1.810000000000000000e+02
1.240562248995984218e+00,1.474999999999840661e+00,9.612915663515432252e-01,4.050199231071593431e+01,1.497264964092096129e+01,5.508537983458214153e-03,4.050127874844481113e+01,1.810000000000000000e+02
1.250401606425703083e+00,1.479999999999840554e+00,9.611366017819159557e-01,4.054211217858156857e+01,1.509140325574859531e+01,5.508537983458214153e-03,4.050127874844481113e+01,1.810000000000000000e+02
1.260240963855421947e+00,1.479999999999840554e+00,9.607721013661152387e-01,4.052673703136614591e+01,1.521015687057623111e+01,5.508537983458214153e-03,4.050127874844481113e+01,1.810000000000000000e+02
1.270080321285140812e+00,1.479999999999840554e+00,9.604064040957375203e-01,4.051131139911827717e+01,1.532891048540386514e+01,5.508537983458214153e-03,4.050127874844481113e+01,1.810000000000000000e+02
1.279919678714859677e+00,1.484999999999840448e+00,9.602560277093707963e-01,4.055162823131273342e+01,1.544766410023149916e+01,5.508537983458214153e-03,4.050127874844481113e+01,1.810000000000000000e+02
1.289759036144578541e+00,1.484999999999840448e+00,9.598901741667923426e-01,4.053617823004469756e+01,1.556641771505913496e+01,5.508537983458214153e-03,4.050127874844481113e+01,1.810000000000000000e+02
1.299598393574297406e+00,1.484999999999840448e+00,9.595231311473718661e-01,4.052067799714957630e+01,1.568517132988676899e+01,5.508537983458214153e-03,4.050127874844481113e+01,1.810000000000000000e+02
1.309437751004016270e+00,1.484999999999840448e+00,9.591549393343951069e-01,4.050512925068321834e+01,1.580392494471440301e+01,5.508537983458214153e-03,4.050127874844481113e+01,1.810000000000000000e+02
1.319277108433735135e+00,1.489999999999840341e+00,9.590100850813889632e-01,4.054566511436282639e+01,1.592267855954203881e+01,5.508537983458214153e-03,4.050127874844481113e+01,1.810000000000000000e+02
1.329116465863454000e+00,1.489999999999840341e+00,9.586416637004212538e-01,4.053008875060391603e+01,1.604143217436967106e+01,5.508537983458214153e-03,4.050127874844481113e+01,1.810000000000000000e+02
1.338955823293172864e+00,1.489999999999840341e+00,9.582720926393368810e-01,4.051446377990570369e+01,1.616018578919730686e+01,5.508537983458214153e-03,4.050127874844481113e+01,1.810000000000000000e+02
1.348795180722891729e+00,1.494999999999840234e+00,9.581318842963659765e-01,4.055519999083036708e+01,1.627893940402494266e+01,5.508537983458214153e-03,4.050127874844481113e+01,1.810000000000000000e+02
1.358634538152610594e+00,1.494999999999840234e+00,9.577620818101820754e-01,4.053954722524548515e+01,1.639769301885257491e+01,5.508537983458214153e-03,4.050127874844481113e+01,1.810000000000000000e+02
1.368473895582329458e+00,1.494999999999840234e+00,9.573911075604710774e-01,4.052384486199564151e+01,1.651644663368021071e+01,5.508537983458214153e-03,4.050127874844481113e+01,1.810000000000000000e+02
1.378313253012048323e+00,1.494999999999840234e+00,9.570188989706138738e-01,4.050809025237731475e+01,1.663520024850784651e+01,5.508537983458214153e-03,4.050127874844481113e+01,1.810000000000000000e+02
1.388152610441767187e+00,1.499999999999840128e+00,9.568843502937902645e-01,4.054905211955640709e+01,1.675395386333547876e+01,5.508537983458214153e-03,4.050127874844481113e+01,1.810000000000000000e+02
1.397991967871486052e+00,1.499999999999840128e+00,9.565119499684509030e-01,4.053327123632126217e+01,1.687270747816311456e+01,5.508537983458214153e-03,4.050127874844481113e+01,1.810000000000000000e+02
1.407831325301205139e+00,1.499999999999840128e+00,9.561383250350813379e-01,4.051743845894151264e+01,1.699146109299075036e+01,5.508537983458214153e-03,4.050127874844481113e+01,1.810000000000000000e+02
1.417670682730924003e+00,1.499999999999840128e+00,9.557634745114650388e-01,4.050155374579462375e+01,1.711021470781838616e+01,5.508537983458214153e-03,4.050127874844481113e+01,1.810000000000000000e+02
1.427510040160642868e+00,1.504999999999840021e+00,9.556346744082508948e-01,4.054274539806001343e+01,1.722896832264602196e+01,5.508537983458214153e-03,4.050127874844481113e+01,1.810000000000000000e+02
1.437349397590361733e+00,1.504999999999840021e+00,9.552595984519576255e-01,4.052683282246165675e+01,1.734772193747365421e+01,5.508537983458214153e-03,4.050127874844481113e+01,1.810000000000000000e+02
1.447188755020080597e+00,1.504999999999840021e+00,9.548832748157825012e-01,4.051086731411699304e+01,1.746647555230129001e+01,5.508537983458214153e-03,4.050127874844481113e+01,1.810000000000000000e+02
1.457028112449799462e+00,1.509999999999839915e+00,9.547592843360909187e-01,4.055226768357786682e+01,1.758522916712892581e+01,5.508537983458214153e-03,4.050127874844481113e+01,1.810000000000000000e+02
1.466867469879518326e+00,1.509999999999839915e+00,9.543827809818292707e-01,4.053627615036496934e+01,1.770398278195655806e+01,5.508537983458214153e-03,4.050127874844481113e+01,1.810000000000000000e+02
1.476706827309237191e+00,1.509999999999839915e+00,9.540049706631187343e-01,4.052022910538795486e+01,1.782273639678419386e+01,5.508537983458214153e-03,4.050127874844481113e+01,1.810000000000000000e+02
1.486546184738956056e+00,1.509999999999839915e+00,9.536258897462979167e-01,4.050412809326389407e+01,1.794149001161182966e+01,5.508537983458214153e-03,4.050127874844481113e+01,1.810000000000000000e+02
1.496385542168674920e+00,1.514999999999839808e+00,9.535078007475447093e-01,4.054576557999016018e+01,1.806024362643946191e+01,5.508537983458214153e-03,4.050127874844481113e+01,1.810000000000000000e+02
1.506224899598393785e+00,1.514999999999839808e+00,9.531285029819831500e-01,4.052963679921310103e+01,1.817899724126709771e+01,5.508537983458214153e-03,4.050127874844481113e+01,1.810000000000000000e+02
1.516064257028112650e+00,1.514999999999839808e+00,9.527479679069180696e-01,4.051345540464406270e+01,1.829775085609473351e+01,5.508537983458214153e-03,4.050127874844481113e+01,1.810000000000000000e+02
1.525903614457831514e+00,1.519999999999839702e+00,9.526347261400153199e-01,4.055530420653501267e+01,1.841650447092236575e+01,5.508537983458214153e-03,4.050127874844481113e+01,1.810000000000000000e+02
1.535742971887550379e+00,1.519999999999839702e+00,9.522539434248380452e-01,4.053909362925197257e+01,1.853525808575000156e+01,5.508537983458214153e-03,4.050127874844481113e+01,1.810000000000000000e+02
1.545582329317269243e+00,1.519999999999839702e+00,9.518718524742388887e-01,4.052282735812946157e+01,1.865401170057763736e+01,5.508537983458214153e-03,4.050127874844481113e+01,1.810000000000000000e+02
1.555421686746988108e+00,1.519999999999839702e+00,9.514884999293317103e-01,4.050650737876018326e+01,1.877276531540526960e+01,5.508537983458214153e-03,4.050127874844481113e+01,1.810000000000000000e+02
1.565261044176706973e+00,1.524999999999839595e+00,9.513812806562476077e-01,4.054859930667685575e+01,1.889151893023290540e+01,5.508537983458214153e-03,4.050127874844481113e+01,1.810000000000000000e+02
1.575100401606425837e+00,1.524999999999839595e+00,9.509976986499190099e-01,4.053225074759532731e+01,1.901027254506054120e+01,5.508537983458214153e-03,4.050127874844481113e+01,1.810000000000000000e+02
1.584939759036144924e+00,1.524999999999839595e+00,9.506127816922630425e-01,4.051584529186513350e+01,1.912902615988817345e+01,5.508537983458214153e-03,4.050127874844481113e+01,1.810000000000000000e+02
1.594779116465863789e+00,1.529999999999839488e+00,9.505105149907842055e-01,4.055815403802836983e+01,1.924777977471580925e+01,5.508537983458214153e-03,4.050127874844481113e+01,1.810000000000000000e+02
1.604618473895582653e+00,1.529999999999839488e+00,9.501253847437332034e-01,4.054172058291320013e+01,1.936653338954344505e+01,5.508537983458214153e-03,4.050127874844481113e+01,1.810000000000000000e+02
1.614457831325301518e+00,1.529999999999839488e+00,9.497388783164840698e-01,4.052522840637666945e+01,1.948528700437107730e+01,5.508537983458214153e-03,4.050127874844481113e+01,1.810000000000000000e+02
1.624297188755020382e+00,1.529999999999839488e+00,9.493511045815530291e-01,4.050868215399419370e+01,1.960404061919871310e+01,5.508537983458214153e-03,4.050127874844481113e+01,1.810000000000000000e+02
1.634136546184739247e+00,1.534999999999839382e+00,9.492550122131447887e-01,4.055124138318743121e+01,1.972279423402634890e+01,5.508537983458214153e-03,4.050127874844481113e+01,1.810000000000000000e+02
1.643975903614458112e+00,1.534999999999839382e+00,9.488669507622803367e-01,4.053466377931592035e+01,1.984154784885398115e+01,5.508537983458214153e-03,4.050127874844481113e+01,1.810000000000000000e+02
1.653815261044176976e+00,1.534999999999839382e+00,9.484775327418756286e-01,4.051802822412661698e+01,1.996030146368161695e+01,5.508537983458214153e-03,4.050127874844481113e+01,1.810000000000000000e+02
1.663654618473895841e+00,1.534999999999839382e+00,9.480867667480503691e-01,4.050133508483730793e+01,2.007905507850925275e+01,5.508537983458214153e-03,4.050127874844481113e+01,1.810000000000000000e+02
1.673493975903614706e+00,1.539999999999839275e+00,9.479969138188408806e-01,4.054414797154586836e+01,2.019780869333688500e+01,5.508537983458214153e-03,4.050127874844481113e+01,1.810000000000000000e+02
1.683333333333333570e+00,1.539999999999839275e+00,9.476058618626888030e-01,4.052742337240036363e+01,2.031656230816452080e+01,5.508537983458214153e-03,4.050127874844481113e+01,1.810000000000000000e+02
1.693172690763052435e+00,1.539999999999839275e+00,9.472134923227626402e-01,4.051064242253185910e+01,2.043531592299215660e+01,5.508537983458214153e-03,4.050127874844481113e+01,1.810000000000000000e+02
1.703012048192771299e+00,1.544999999999839169e+00,9.471288024624159307e-01,4.055368267376137936e+01,2.055406953781978885e+01,5.508537983458214153e-03,4.050127874844481113e+01,1.810000000000000000e+02
1.712851405622490164e+00,1.544999999999839169e+00,9.467361368001847577e-01,4.053686971376944825e+01,2.067282315264742465e+01,5.508537983458214153e-03,4.050127874844481113e+01,1.810000000000000000e+02
1.722690763052209029e+00,1.544999999999839169e+00,9.463421048542912661e-01,4.051999825293376745e+01,2.079157676747506045e+01,5.508537983458214153e-03,4.050127874844481113e+01,1.810000000000000000e+02
1.732530120481927893e+00,1.544999999999839169e+00,9.459466858620397822e-01,4.050306740224771573e+01,2.091033038230269270e+01,5.508537983458214153e-03,4.050127874844481113e+01,1.810000000000000000e+02
1.742369477911646758e+00,1.549999999999839062e+00,9.458683369049822875e-01,4.054636656451270227e+01,2.102908399713032850e+01,5.508537983458214153e-03,4.050127874844481113e+01,1.810000000000000000e+02
1.752208835341365623e+00,1.549999999999839062e+00,9.454726056486376651e-01,4.052940282447115550e+01,2.114783761195796430e+01,5.508537983458214153e-03,4.050127874844481113e+01,1.810000000000000000e+02
1.762048192771084709e+00,1.549999999999839062e+00,9.450755138869588734e-01,4.051238076389403631e+01,2.126659122678560010e+01,5.508537983458214153e-03,4.050127874844481113e+01,1.810000000000000000e+02
1.771887550200803574e+00,1.554999999999838955e+00,9.450024659666507176e-01,4.055591428616391880e+01,2.138534484161323590e+01,5.508537983458214153e-03,4.050127874844481113e+01,1.810000000000000000e+02
1.781726907630522438e+00,1.554999999999838955e+00,9.446050947709958567e-01,4.053886062468560425e+01,2.150409845644087170e+01,5.508537983458214153e-03,4.050127874844481113e+01,1.810000000000000000e+02
1.791566265060241303e+00,1.554999999999838955e+00,9.442062876258152659e-01,4.052174533771108145e+01,2.162285207126850395e+01,5.508537983458214153e-03,4.050127874844481113e+01,1.810000000000000000e+02
1.801405622489960168e+00,1.554999999999838955e+00,9.438059895105599395e-01,4.050456606396748782e+01,2.174160568609613620e+01,5.508537983458214153e-03,4.050127874844481113e+01,1.810000000000000000e+02
1.811244979919679032e+00,1.559999999999838849e+00,9.437394944296754185e-01,4.054836851965987421e+01,2.186035930092377200e+01,5.508537983458214153e-03,4.050127874844481113e+01,1.810000000000000000e+02
1.821084337349397897e+00,1.559999999999838849e+00,9.433389398346756494e-01,4.053115843634116544e+01,2.197911291575140424e+01,5.508537983458214153e-03,4.050127874844481113e+01,1.810000000000000000e+02
1.830923694779116762e+00,1.559999999999838849e+00,9.429369640827583998e-01,4.051388729211024753e+01,2.209786653057904005e+01,5.508537983458214153e-03,4.050127874844481113e+01,1.810000000000000000e+02
1.840763052208835626e+00,1.564999999999838742e+00,9.428758734868852853e-01,4.055792966893536544e+01,2.221662014540667585e+01,5.508537983458214153e-03,4.050127874844481113e+01,1.810000000000000000e+02
1.850602409638554491e+00,1.564999999999838742e+00,9.424735728138416979e-01,4.054062465258922998e+01,2.233537376023430809e+01,5.508537983458214153e-03,4.050127874844481113e+01,1.810000000000000000e+02
1.860441767068273355e+00,1.564999999999838742e+00,9.420698499760113975e-01,4.052325846163780909e+01,2.245412737506194389e+01,5.508537983458214153e-03,4.050127874844481113e+01,1.810000000000000000e+02
1.870281124497992220e+00,1.564999999999838742e+00,9.416646249680349356e-01,4.050582765464003643e+01,2.257288098988957969e+01,5.508537983458214153e-03,4.050127874844481113e+01,1.810000000000000000e+02
1.880120481927711085e+00,1.569999999999838636e+00,9.416102327159764362e-01,4.055014618204232590e+01,2.269163460471721194e+01,5.508537983458214153e-03,4.050127874844481113e+01,1.810000000000000000e+02
1.889959839357429949e+00,1.569999999999838636e+00,9.412046979320531914e-01,4.053268195512695371e+01,2.281038821954484774e+01,5.508537983458214153e-03,4.050127874844481113e+01,1.810000000000000000e+02
1.899799196787148814e+00,1.569999999999838636e+00,9.407976489811955556e-01,4.051515252109253851e+01,2.292914183437248354e+01,5.508537983458214153e-03,4.050127874844481113e+01,1.810000000000000000e+02
1.909638554216867679e+00,1.574999999999838529e+00,9.407487659970018568e-01,4.055971662018412616e+01,2.304789544920011579e+01,5.508537983458214153e-03,4.050127874844481113e+01,1.810000000000000000e+02
1.919477911646586543e+00,1.574999999999838529e+00,9.403415009209300512e-01,4.054215767493559497e+01,2.316664906402775159e+01,5.508537983458214153e-03,4.050127874844481113e+01,1.810000000000000000e+02
1.929317269076305408e+00,1.574999999999838529e+00,9.399326400164204065e-01,4.052452992667443965e+01,2.328540267885538739e+01,5.508537983458214153e-03,4.050127874844481113e+01,1.810000000000000000e+02
1.939156626506024272e+00,1.574999999999838529e+00,9.395222909503946340e-01,4.050683801738373546e+01,2.340415629368301964e+01,5.508537983458214153e-03,4.050127874844481113e+01,1.810000000000000000e+02
1.948995983935743359e+00,1.579999999999838423e+00,9.394802713405052685e-01,4.055168636112254177e+01,2.352290990851065899e+01,5.508537983458214153e-03,4.050127874844481113e+01,1.810000000000000000e+02
1.958835341365462224e+00,1.579999999999838423e+00,9.390695940199748071e-01,4.053395990277550709e+01,2.364166352333829479e+01,5.508537983458214153e-03,4.050127874844481113e+01,1.810000000000000000e+02
1.968674698795181088e+00,1.579999999999838423e+00,9.386573538149364238e-01,4.051616598414823045e+01,2.376041713816592704e+01,5.508537983458214153e-03,4.050127874844481113e+01,1.810000000000000000e+02
1.978514056224899953e+00,1.584999999999838316e+00,9.386210374814739632e-01,4.056126944351485264e+01,2.387917075299356284e+01,5.508537983458214153e-03,4.050127874844481113e+01,1.810000000000000000e+02
1.988353413654618818e+00,1.584999999999838316e+00,9.382085315128213532e-01,4.054344354246061499e+01,2.399792436782119864e+01,5.508537983458214153e-03,4.050127874844481113e+01,1.810000000000000000e+02
1.998192771084337682e+00,1.584999999999838316e+00,9.377944174380008491e-01,4.052554814922052628e+01,2.411667798264883089e+01,5.508537983458214153e-03,4.050127874844481113e+01,1.810000000000000000e+02
2.008032128514056325e+00,1.584999999999838316e+00,9.373787963734923068e-01,4.050758763340984103e+01,2.423543159747646314e+01,5.508537983458214153e-03,4.050127874844481113e+01,1.810000000000000000e+02
2.017871485943775411e+00,1.589999999999838209e+00,9.373494827768334980e-01,4.055298236568950188e+01,2.435418521230410249e+01,5.508537983458214153e-03,4.050127874844481113e+01,1.810000000000000000e+02
2.027710843373494054e+00,1.589999999999838209e+00,9.369334849727828374e-01,4.053498486110684240e+01,2.447293882713173119e+01,5.508537983458214153e-03,4.050127874844481113e+01,1.810000000000000000e+02
2.037550200803213141e+00,1.589999999999838209e+00,9.365159262832133402e-01,4.051691982721511920e+01,2.459169244195937054e+01,5.508537983458214153e-03,4.050127874844481113e+01,1.810000000000000000e+02
2.047389558232931783e+00,1.594999999999838103e+00,9.364924526322329079e-01,4.056257679615653444e+01,2.471044605678700279e+01,5.508537983458214153e-03,4.050127874844481113e+01,1.810000000000000000e+02
2.057228915662650870e+00,1.594999999999838103e+00,9.360745304153991198e-01,4.054447520658419535e+01,2.482919967161463859e+01,5.508537983458214153e-03,4.050127874844481113e+01,1.810000000000000000e+02
2.067068273092369513e+00,1.594999999999838103e+00,9.356550443164632913e-01,4.052630588012013391e+01,2.494795328644227084e+01,5.508537983458214153e-03,4.050127874844481113e+01,1.810000000000000000e+02
2.076907630522088599e+00,1.594999999999838103e+00,9.352338907571614568e-01,4.050806433044812138e+01,2.506670690126991019e+01,5.508537983458214153e-03,4.050127874844481113e+01,1.810000000000000000e+02
2.086746987951807242e+00,1.599999999999837996e+00,9.352176265610026018e-01,4.055402255201506279e+01,2.518546051609753889e+01,5.508537983458214153e-03,4.050127874844481113e+01,1.810000000000000000e+02
2.096586345381526328e+00,1.599999999999837996e+00,9.347961483727446064e-01,4.053574591194076504e+01,2.530421413092517824e+01,5.508537983458214153e-03,4.050127874844481113e+01,1.810000000000000000e+02
2.106425702811244971e+00,1.599999999999837996e+00,9.343729636970065089e-01,4.051739527312030020e+01,2.542296774575281049e+01,5.508537983458214153e-03,4.050127874844481113e+01,1.810000000000000000e+02
2.116265060240964058e+00,1.604999999999837890e+00,9.343627008764697761e-01,4.056362396967519857e+01,2.554172136058044273e+01,5.508537983458214153e-03,4.050127874844481113e+01,1.810000000000000000e+02
2.126104417670682700e+00,1.604999999999837890e+00,9.339392719081244243e-01,4.054524158622419350e+01,2.566047497540807854e+01,5.508537983458214153e-03,4.050127874844481113e+01,1.810000000000000000e+02
2.135943775100401787e+00,1.604999999999837890e+00,9.335141465223024682e-01,4.052678555595429088e+01,2.577922859023571434e+01,5.508537983458214153e-03,4.050127874844481113e+01,1.810000000000000000e+02
2.145783132530120429e+00,1.604999999999837890e+00,9.330873296827357777e-01,4.050825609435670316e+01,2.589798220506334658e+01,5.508537983458214153e-03,4.050127874844481113e+01,1.810000000000000000e+02
2.155622489959839516e+00,1.609999999999837783e+00,9.330844293809515966e-01,4.055479374803840642e+01,2.601673581989098238e+01,5.508537983458214153e-03,4.050127874844481113e+01,1.810000000000000000e+02
2.165461847389558159e+00,1.609999999999837783e+00,9.326572482315239609e-01,4.053622710726874345e+01,2.613548943471861818e+01,5.508537983458214153e-03,4.050127874844481113e+01,1.810000000000000000e+02
2.175301204819277245e+00,1.609999999999837783e+00,9.322283990981464763e-01,4.051758797065311057e+01,2.625424304954625043e+01,5.508537983458214153e-03,4.050127874844481113e+01,1.810000000000000000e+02
2.185140562248995888e+00,1.614999999999837677e+00,9.322316314557222983e-01,4.056440308080590285e+01,2.637299666437388623e+01,5.508537983458214153e-03,4.050127874844481113e+01,1.810000000000000000e+02
2.194979919678714975e+00,1.614999999999837677e+00,9.318024514320217833e-01,4.054572807462913175e+01,2.649175027920152203e+01,5.508537983458214153e-03,4.050127874844481113e+01,1.810000000000000000e+02
2.204819277108433617e+00,1.614999999999837677e+00,9.313715206501634869e-01,4.052697688732181547e+01,2.661050389402915428e+01,5.508537983458214153e-03,4.050127874844481113e+01,1.810000000000000000e+02
2.214658634538152704e+00,1.614999999999837677e+00,9.309388044383802852e-01,4.050814801020362665e+01,2.672925750885679008e+01,5.508537983458214153e-03,4.050127874844481113e+01,1.810000000000000000e+02
2.224497991967871791e+00,1.619999999999837570e+00,9.309496637104215377e-01,4.055528466189763037e+01,2.684801112368442944e+01,5.508537983458214153e-03,4.050127874844481113e+01,1.810000000000000000e+02
2.234337349397590433e+00,1.619999999999837570e+00,9.305166688633669247e-01,4.053642195646472146e+01,2.696676473851205813e+01,5.508537983458214153e-03,4.050127874844481113e+01,1.810000000000000000e+02
2.244176706827309520e+00,1.619999999999837570e+00,9.300818549425911019e-01,4.051748000608930056e+01,2.708551835333969748e+01,5.508537983458214153e-03,4.050127874844481113e+01,1.810000000000000000e+02
2.254016064257028162e+00,1.624999999999837463e+00,9.300989734348223958e-01,4.056490093947628850e+01,2.720427196816732973e+01,5.508537983458214153e-03,4.050127874844481113e+01,1.810000000000000000e+02
2.263855421686747249e+00,1.624999999999837463e+00,9.296638296267915047e-01,4.054592278126801119e+01,2.732302558299496553e+01,5.508537983458214153e-03,4.050127874844481113e+01,1.810000000000000000e+02
2.273694779116465892e+00,1.624999999999837463e+00,9.292269019231096383e-01,4.052686682107044902e+01,2.744177919782259778e+01,5.508537983458214153e-03,4.050127874844481113e+01,1.810000000000000000e+02
2.283534136546184978e+00,1.624999999999837463e+00,9.287881422056033509e-01,4.050773096028012077e+01,2.756053281265023713e+01,5.508537983458214153e-03,4.050127874844481113e+01,1.810000000000000000e+02
2.293373493975903621e+00,1.629999999999837357e+00,9.288131101886385466e-01,4.055548426162744846e+01,2.767928642747786583e+01,5.508537983458214153e-03,4.050127874844481113e+01,1.810000000000000000e+02
2.303212851405622708e+00,1.629999999999837357e+00,9.283739845234993959e-01,4.053631037852214547e+01,2.779804004230550518e+01,5.508537983458214153e-03,4.050127874844481113e+01,1.810000000000000000e+02
2.313052208835341350e+00,1.629999999999837357e+00,9.279330247738729609e-01,4.051705641236920030e+01,2.791679365713313743e+01,5.508537983458214153e-03,4.050127874844481113e+01,1.810000000000000000e+02
2.322891566265060437e+00,1.634999999999837250e+00,9.279644435993837925e-01,4.056510370466730109e+01,2.803554727196077323e+01,5.508537983458214153e-03,4.050127874844481113e+01,1.810000000000000000e+02
2.332730923694779079e+00,1.634999999999837250e+00,9.275231275037160161e-01,4.054581198146520649e+01,2.815430088678840548e+01,5.508537983458214153e-03,4.050127874844481113e+01,1.810000000000000000e+02
2.342570281124498166e+00,1.634999999999837250e+00,9.270799962339768552e-01,4.052644090961462808e+01,2.827305450161604483e+01,5.508537983458214153e-03,4.050127874844481113e+01,1.810000000000000000e+02
2.352409638554216809e+00,1.634999999999837250e+00,9.266349632789284696e-01,4.050698670735714302e+01,2.839180811644367353e+01,5.508537983458214153e-03,4.050127874844481113e+01,1.810000000000000000e+02
2.362248995983935895e+00,1.639999999999837144e+00,9.266744328187777047e-01,4.055537631685658084e+01,2.851056173127131288e+01,5.508537983458214153e-03,4.050127874844481113e+01,1.810000000000000000e+02
2.372088353413654538e+00,1.639999999999837144e+00,9.262289970762733748e-01,4.053588207646053121e+01,2.862931534609894513e+01,5.508537983458214153e-03,4.050127874844481113e+01,1.810000000000000000e+02
2.381927710843373625e+00,1.639999999999837144e+00,9.257817022445071764e-01,4.051630647408669006e+01,2.874806896092658093e+01,5.508537983458214153e-03,4.050127874844481113e+01,1.810000000000000000e+02
2.391767068273092711e+00,1.644999999999837037e+00,9.258278001136548419e-01,4.056499922859118357e+01,2.886682257575421673e+01,5.508537983458214153e-03,4.050127874844481113e+01,1.810000000000000000e+02
2.401606425702811354e+00,1.644999999999837037e+00,9.253801294979081549e-01,4.054538461107786418e+01,2.898557619058185253e+01,5.508537983458214153e-03,4.050127874844481113e+01,1.810000000000000000e+02
2.411445783132530440e+00,1.644999999999837037e+00,9.249304954730809269e-01,4.052568396710495335e+01,2.910432980540948478e+01,5.508537983458214153e-03,4.050127874844481113e+01,1.810000000000000000e+02
2.421285140562249083e+00,1.644999999999837037e+00,9.244789465011421514e-01,4.050589942002598320e+01,2.922308342023712058e+01,5.508537983458214153e-03,4.050127874844481113e+01,1.810000000000000000e+02
2.431124497991968170e+00,1.649999999999836930e+00,9.245333314410805192e-01,4.055494602772574098e+01,2.934183703506475638e+01,5.508537983458214153e-03,4.050127874844481113e+01,1.810000000000000000e+02
2.440963855421686812e+00,1.649999999999836930e+00,9.240813224307200535e-01,4.053511850999780819e+01,2.946059064989238507e+01,5.508537983458214153e-03,4.050127874844481113e+01,1.810000000000000000e+02
2.450803212851405899e+00,1.664999999999836611e+00,9.251637092315928568e-01,4.072300741445918248e+01,2.957934426472002443e+01,5.508537983458214153e-03,4.050127874844481113e+01,1.810000000000000000e+02
2.460642570281124542e+00,1.684999999999836184e+00,9.267625025933508010e-01,4.098167532830434823e+01,2.969809787954765667e+01,5.508537983458214153e-03,4.050127874844481113e+01,1.810000000000000000e+02
2.470481927710843628e+00,1.709999999999835651e+00,9.288771308113976666e-01,4.131231435918985540e+01,2.981685149437529248e+01,5.508537983458214153e-03,4.050127874844481113e+01,1.810000000000000000e+02
2.480321285140562271e+00,1.729999999999835225e+00,9.304931253272252789e-01,4.157520731819703741e+01,2.993560510920292472e+01,5.508537983458214153e-03,4.050127874844481113e+01,1.810000000000000000e+02
2.490160642570281357e+00,1.749999999999834799e+00,9.321183078019101842e-01,4.184005943494713620e+01,3.005435872403056408e+01,5.508537983458214153e-03,4.050127874844481113e+01,1.810000000000000000e+02
2.500000000000000000e+00,1.774999999999834266e+00,9.342542376184383990e-01,4.217803386062896465e+01,3.017311233885819277e+01,5.508537983458214153e-03,4.050127874844481113e+01,1.810000000000000000e+02
